3800,6:45:35,,,
3680,6:47:03,,,
4080,6:47:12,,,
3760,6:48:46,,,
3640,6:49:03,,,
3560,6:49:32,,,
3800,6:49:54,,,
4080,6:50:16,,,
3600,6:52:43,,,
3920,6:53:16,,,
3640,6:53:16,,,
4160,6:54:26,,,
4040,6:54:40,,,
3600,6:55:02,,,
4160,6:55:33,,,
3640,6:55:43,,,
4040,6:56:20,,,
3720,6:56:56,,,
3800,6:58:46,,,
3920,6:58:47,,,
3720,6:59:12,,,
4040,7:00:09,,,
3960,7:00:19,,,
3560,7:01:14,,,
3840,7:02:02,,,
3680,7:02:21,,,
3800,7:05:09,,,
4160,7:05:41,,,
4120,7:05:45,,,
4000,7:06:21,,,
3640,7:09:21,,,
4080,7:10:14,,,
3840,7:10:44,,,
3760,7:11:02,,,
3680,7:11:26,,,
4160,7:11:40,,,
4080,7:13:04,,,
3840,7:13:16,,,
3720,7:13:16,,,
4160,7:13:50,,,
3640,7:14:30,,,
3880,7:15:15,,,
3800,7:15:26,,,
4040,7:15:51,,,
3680,7:16:04,,,
3720,7:16:05,,,
3840,7:16:44,,,
3920,7:17:24,,,
3720,7:17:46,,,
3880,7:18:13,,,
3600,7:18:42,,,
3880,7:19:06,,,
4080,7:21:50,,,
3600,7:22:06,,,
3800,7:22:22,,,
3680,7:22:57,,,
3720,7:23:00,,,
3840,7:23:18,,,
3640,7:26:55,,,
3680,7:27:19,,,
4080,7:28:43,,,
3720,7:29:42,,,
3600,7:30:09,,,
3640,7:30:28,,,
3920,7:31:02,,,
3560,7:32:47,,,
4040,7:33:32,,,
3680,7:34:48,,,
3800,7:34:55,,,
3960,7:35:14,,,
4120,7:35:47,,,
4160,7:35:52,,,
4080,7:36:02,,,
4120,7:36:25,,,
4040,7:37:58,,,
4000,7:39:29,,,
4200,7:39:40,,,
3640,7:41:07,,,
3680,7:41:15,,,
3640,7:44:04,,,
3600,7:44:30,,,
4040,7:45:33,,,
3680,7:46:33,,,
4160,7:46:34,,,
3720,7:46:42,,,
4120,7:46:59,,,
3960,7:48:20,,,
4120,7:49:59,,,
3640,7:51:28,,,
3640,7:53:06,,,
3600,7:53:24,,,
3680,7:53:26,,,
4160,7:53:59,,,
3720,7:57:27,,,
3800,7:57:55,,,
3640,7:58:23,,,
3920,7:58:28,,,
3800,7:59:03,,,
4160,7:59:34,,,
3840,8:00:07,,,
3800,8:00:49,,,
3960,8:01:08,,,
3760,8:02:03,,,
4120,8:02:28,,,
4040,8:03:48,,,
3880,8:06:14,,,
3960,8:07:00,,,
3600,8:08:06,,,
3600,8:08:31,,,
4200,8:08:44,,,
3760,8:09:11,,,
3640,8:09:19,,,
3960,8:10:02,,,
4080,8:10:05,,,
4080,8:12:02,,,
3760,8:12:39,,,
3640,8:12:42,,,
3760,8:13:07,,,
4200,8:15:08,,,
3680,8:15:12,,,
3840,8:16:12,,,
3640,8:16:32,,,
3760,8:16:35,,,
3840,8:16:55,,,
4200,8:17:07,,,
3960,8:17:18,,,
3840,8:17:23,,,
4120,8:20:44,,,
3680,8:21:27,,,
3960,8:21:32,,,
3720,8:21:37,,,
4080,8:22:33,,,
3640,8:22:39,,,
3600,8:22:46,,,
3560,8:22:54,,,
3960,8:23:50,,,
3640,8:23:51,,,
4040,8:24:00,,,
3680,8:24:32,,,
4080,8:25:25,,,
3880,8:26:23,,,
3640,8:25:14,,,
3840,8:28:09,,,
4000,8:28:34,,,
3600,8:29:07,,,
4080,8:29:45,,,
3880,8:30:26,,,
3720,8:30:35,,,
4120,8:30:38,,,
4040,8:31:00,,,
3720,8:31:04,,,
3640,8:31:32,,,
3800,8:31:48,,,
3960,8:33:21,,,
3840,8:33:41,,,
3880,8:34:54,,,
4000,8:34:56,,,
3720,8:35:57,,,
3640,8:36:02,,,
4160,8:37:07,,,
4120,8:37:16,,,
3640,8:39:04,,,
3880,8:39:51,,,
3840,8:40:01,,,
3680,8:40:18,,,
3680,8:40:34,,,
3640,8:44:15,,,
3840,8:44:15,,,
3800,8:45:19,,,
4040,8:46:24,,,
3640,8:46:42,,,
3880,8:47:26,,,
3960,8:48:13,,,
3960,8:49:21,,,
4120,8:49:30,,,
4040,8:49:43,,,
4120,8:52:50,,,
3960,8:53:06,,,
3760,8:53:22,,,
3960,8:53:46,,,
3840,8:54:14,,,
4200,8:58:38,,,
4120,8:58:57,,,
3640,9:00:01,,,
3800,9:01:09,,,
3560,9:01:33,,,
4000,9:02:02,,,
3720,9:02:26,,,
3880,9:02:47,,,
4120,9:05:59,,,
3640,9:06:57,,,
4040,9:09:07,,,
3800,9:10:20,,,
4160,9:10:28,,,
3960,9:10:37,,,
3920,9:10:50,,,
3840,9:11:45,,,
3800,9:12:04,,,
3760,9:12:55,,,
4160,9:13:23,,,
3640,9:13:38,,,
3600,9:13:59,,,
3760,9:14:33,,,
4000,9:16:33,,,
3960,9:16:43,,,
4120,9:16:54,,,
3960,9:17:02,,,
3960,9:17:23,,,
3840,9:18:05,,,
3920,9:18:31,,,
3800,9:19:31,,,
4120,9:21:15,,,
4160,9:21:26,,,
3840,9:22:55,,,
3600,9:23:08,,,
4200,9:23:11,,,
3800,9:23:58,,,
3880,9:24:36,,,
3800,9:26:25,,,
3960,9:28:13,,,
3920,9:31:16,,,
4040,9:31:18,,,
3920,9:33:19,,,
3560,9:34:00,,,
3880,9:34:19,,,
3840,9:34:42,,,
4040,9:34:42,,,
4200,9:34:45,,,
4040,9:34:50,,,
4200,9:34:52,,,
4160,9:35:16,,,
3640,9:35:19,,,
3880,9:35:42,,,
3680,9:38:54,,,
4160,9:38:55,,,
3960,9:39:24,,,
3760,9:40:04,,,
4120,9:40:49,,,
3640,9:41:25,,,
4200,9:41:39,,,
3960,9:42:20,,,
3880,9:42:22,,,
3720,9:42:37,,,
4120,9:44:17,,,
3720,9:45:21,,,
4040,9:45:29,,,
3760,9:45:47,,,
3960,9:45:56,,,
600,6:37:15,,,
1040,6:39:13,,,
680,6:39:18,,,
640,6:39:47,,,
560,6:39:56,,,
400,6:39:59,,,
1200,6:40:23,,,
520,6:41:55,,,
1040,6:42:10,,,
400,6:42:13,,,
640,6:43:01,,,
880,6:43:06,,,
960,6:44:07,,,
1200,6:44:40,,,
1120,6:45:02,,,
560,6:45:43,,,
1040,6:46:28,,,
1040,6:46:33,,,
920,6:46:50,,,
1120,6:47:13,,,
720,6:47:29,,,
920,6:47:35,,,
1160,6:47:35,,,
1120,6:48:18,,,
600,6:48:54,,,
1160,6:48:57,,,
720,6:49:48,,,
1000,6:49:58,,,
1120,6:50:24,,,
920,6:50:56,,,
1160,6:51:23,,,
1120,6:51:31,,,
600,6:51:41,,,
920,6:52:15,,,
920,6:53:46,,,
880,6:53:50,,,
720,6:54:00,,,
680,6:54:30,,,
1040,6:54:32,,,
880,6:55:04,,,
560,6:55:28,,,
840,6:55:52,,,
1120,6:56:05,,,
1200,6:56:20,,,
520,6:56:58,,,
920,6:57:21,,,
1080,6:59:15,,,
800,6:59:17,,,
1160,7:00:13,,,
1040,7:00:20,,,
680,7:00:26,,,
440,7:00:52,,,
560,7:01:11,,,
880,7:02:46,,,
1080,7:02:49,,,
600,7:03:07,,,
1000,7:03:12,,,
680,7:04:04,,,
520,7:04:13,,,
840,7:04:30,,,
1040,7:05:03,,,
1120,7:05:10,,,
1160,7:05:14,,,
880,7:05:55,,,
1080,7:06:27,,,
600,7:06:40,,,
440,7:06:51,,,
760,7:06:56,,,
1000,7:06:58,,,
920,7:07:04,,,
880,7:07:26,,,
680,7:07:34,,,
640,7:07:38,,,
720,7:07:40,,,
1200,7:07:43,,,
880,7:07:53,,,
720,7:08:00,,,
840,7:08:04,,,
880,7:08:04,,,
1040,7:08:40,,,
480,7:08:42,,,
680,7:08:42,,,
1080,7:09:53,,,
1080,7:10:19,,,
920,7:10:42,,,
560,7:10:52,,,
1120,7:11:15,,,
640,7:11:15,,,
960,7:11:34,,,
600,7:12:39,,,
560,7:12:43,,,
680,7:12:53,,,
760,7:13:43,,,
1080,7:14:00,,,
880,7:14:07,,,
920,7:14:33,,,
1040,7:14:41,,,
840,7:15:38,,,
440,7:15:55,,,
960,7:16:24,,,
960,7:16:32,,,
680,7:16:36,,,
1120,7:17:58,,,
480,7:18:33,,,
1040,7:19:21,,,
560,7:19:26,,,
880,7:19:49,,,
680,7:20:34,,,
720,7:20:36,,,
1000,7:20:48,,,
880,7:21:05,,,
800,7:21:56,,,
1040,7:22:02,,,
560,7:22:07,,,
600,7:22:18,,,
600,7:22:25,,,
520,7:22:34,,,
920,7:23:27,,,
1000,7:23:34,,,
840,7:24:18,,,
1160,7:24:22,,,
1160,7:24:42,,,
720,7:24:47,,,
720,7:24:56,,,
600,7:25:34,,,
1120,7:25:34,,,
560,7:26:06,,,
640,7:26:09,,,
640,7:26:32,,,
1080,7:27:24,,,
1160,7:27:58,,,
560,7:28:15,,,
1160,7:28:16,,,
1040,7:28:21,,,
560,7:28:44,,,
1000,7:28:56,,,
1040,7:28:58,,,
720,7:29:16,,,
760,7:29:25,,,
920,7:29:25,,,
640,7:29:45,,,
1160,7:29:52,,,
840,7:30:35,,,
1160,7:31:48,,,
800,7:32:11,,,
920,7:32:32,,,
960,7:32:55,,,
960,7:33:12,,,
1160,7:33:47,,,
1200,7:33:56,,,
1040,7:34:02,,,
1080,7:34:30,,,
880,7:34:36,,,
1200,7:34:58,,,
800,7:35:12,,,
560,7:35:41,,,
480,7:35:49,,,
600,7:36:21,,,
760,7:36:24,,,
400,7:36:41,,,
1120,7:37:07,,,
680,7:37:07,,,
600,7:37:30,,,
960,7:37:35,,,
760,7:37:53,,,
680,7:38:02,,,
840,7:38:24,,,
880,7:38:34,,,
720,7:38:36,,,
1040,7:39:32,,,
1080,7:39:40,,,
440,7:40:40,,,
1160,7:41:49,,,
520,7:42:16,,,
920,7:42:22,,,
720,7:42:41,,,
760,7:42:48,,,
880,7:43:04,,,
880,7:43:33,,,
720,7:43:52,,,
920,7:43:57,,,
400,7:44:14,,,
720,7:44:26,,,
880,7:44:47,,,
600,7:44:51,,,
1120,7:45:06,,,
1040,7:45:26,,,
1000,7:45:34,,,
920,7:45:42,,,
680,7:45:44,,,
520,7:46:07,,,
800,7:46:14,,,
1080,7:46:47,,,
600,7:46:55,,,
1120,7:47:32,,,
1200,7:47:39,,,
920,7:48:07,,,
1080,7:48:32,,,
480,7:48:46,,,
960,7:48:52,,,
680,7:49:00,,,
640,7:49:12,,,
840,7:49:44,,,
880,7:50:16,,,
1080,7:50:30,,,
1160,7:50:38,,,
1040,7:50:55,,,
440,7:51:02,,,
920,7:51:08,,,
840,7:51:50,,,
800,7:51:51,,,
840,7:51:59,,,
680,7:52:07,,,
640,7:52:28,,,
560,7:52:32,,,
960,7:53:52,,,
600,7:54:07,,,
880,7:54:28,,,
1120,7:54:37,,,
1200,7:54:48,,,
1000,7:55:04,,,
1000,7:55:33,,,
560,7:55:34,,,
680,7:56:04,,,
1080,7:56:04,,,
520,7:56:17,,,
520,7:57:29,,,
680,7:57:34,,,
720,7:57:38,,,
1040,7:57:39,,,
520,7:58:41,,,
400,7:58:44,,,
1120,7:59:22,,,
800,7:59:45,,,
800,7:59:47,,,
1120,7:59:53,,,
560,7:59:57,,,
920,7:59:59,,,
680,8:00:16,,,
520,8:00:30,,,
1200,8:00:47,,,
1200,8:01:05,,,
560,8:01:10,,,
920,8:01:20,,,
1200,8:01:38,,,
1080,8:01:46,,,
720,8:01:52,,,
1200,8:02:20,,,
1200,8:02:21,,,
600,8:02:26,,,
1040,8:02:40,,,
640,8:03:06,,,
400,8:03:30,,,
920,8:04:24,,,
1000,8:04:25,,,
720,8:04:33,,,
840,8:04:36,,,
520,8:05:30,,,
960,8:05:42,,,
880,8:05:53,,,
720,8:06:05,,,
880,8:06:05,,,
760,8:06:16,,,
800,8:06:42,,,
840,8:06:59,,,
1080,8:07:05,,,
760,8:07:37,,,
400,8:08:03,,,
520,8:08:45,,,
880,8:09:07,,,
1040,8:09:10,,,
880,8:09:15,,,
520,8:09:19,,,
640,8:09:32,,,
600,8:09:50,,,
1160,8:10:17,,,
1160,8:10:26,,,
1040,8:10:58,,,
560,8:11:15,,,
720,8:11:36,,,
1160,8:11:37,,,
920,8:12:03,,,
800,8:12:11,,,
440,8:12:25,,,
1000,8:12:40,,,
600,8:13:08,,,
520,8:13:50,,,
920,8:14:10,,,
600,8:14:19,,,
640,8:14:20,,,
920,8:14:22,,,
680,8:14:23,,,
560,8:14:58,,,
600,8:14:59,,,
1200,8:14:58,,,
720,8:15:22,,,
1000,8:15:27,,,
1160,8:15:36,,,
520,8:16:01,,,
800,8:16:04,,,
480,8:16:20,,,
920,8:16:44,,,
480,8:16:51,,,
1040,8:16:54,,,
880,8:17:04,,,
880,8:17:28,,,
520,8:17:53,,,
560,8:18:00,,,
800,8:18:03,,,
760,8:18:18,,,
920,8:18:18,,,
640,8:18:32,,,
480,8:18:39,,,
880,8:19:11,,,
640,8:19:24,,,
880,8:19:29,,,
880,8:20:10,,,
1160,8:20:49,,,
920,8:22:13,,,
480,8:22:32,,,
720,8:22:38,,,
440,8:22:48,,,
560,8:23:01,,,
1080,8:23:44,,,
520,8:24:03,,,
960,8:24:10,,,
960,8:24:17,,,
520,8:24:47,,,
760,8:24:53,,,
920,8:24:58,,,
960,8:25:10,,,
880,8:25:33,,,
720,8:25:34,,,
1040,8:25:46,,,
600,8:26:02,,,
800,8:26:16,,,
880,8:26:18,,,
560,8:26:27,,,
400,8:26:27,,,
760,8:26:47,,,
1200,8:26:51,,,
920,8:27:16,,,
960,8:27:17,,,
720,8:27:32,,,
1120,8:28:03,,,
1040,8:28:29,,,
840,8:28:48,,,
1200,8:28:53,,,
960,8:29:12,,,
600,8:29:31,,,
1080,8:29:35,,,
1160,8:29:40,,,
520,8:29:44,,,
800,8:30:01,,,
640,8:30:05,,,
1040,8:31:28,,,
920,8:32:36,,,
760,8:32:41,,,
1000,8:32:47,,,
480,8:33:09,,,
960,8:33:09,,,
560,8:33:31,,,
1040,8:33:38,,,
920,8:33:47,,,
1120,8:33:58,,,
880,8:34:06,,,
880,8:34:10,,,
1080,8:34:14,,,
640,8:34:30,,,
760,8:34:46,,,
880,8:34:47,,,
920,8:34:49,,,
600,8:34:57,,,
920,8:35:00,,,
800,8:35:30,,,
1120,8:35:41,,,
640,8:36:07,,,
1080,8:36:21,,,
1000,8:36:47,,,
480,8:36:48,,,
880,8:37:28,,,
1160,8:37:32,,,
1000,8:37:50,,,
560,8:37:54,,,
1160,8:37:58,,,
800,8:38:02,,,
880,8:38:02,,,
640,8:38:11,,,
800,8:38:18,,,
1160,8:39:07,,,
880,8:39:26,,,
880,8:39:37,,,
800,8:39:42,,,
1080,8:40:02,,,
1120,8:40:08,,,
600,8:40:14,,,
800,8:40:15,,,
680,8:40:29,,,
1200,8:40:42,,,
880,8:40:59,,,
1160,8:41:31,,,
1120,8:41:38,,,
1000,8:41:38,,,
680,8:41:46,,,
960,8:42:12,,,
840,8:42:15,,,
720,8:42:38,,,
1200,8:42:44,,,
1200,8:42:53,,,
1120,8:43:23,,,
640,8:43:23,,,
1160,8:43:28,,,
680,8:43:37,,,
600,8:43:46,,,
600,8:43:52,,,
920,8:43:56,,,
640,8:44:08,,,
1000,8:44:15,,,
720,8:44:47,,,
1120,8:44:50,,,
760,8:44:56,,,
960,8:45:18,,,
800,8:45:27,,,
400,8:46:11,,,
1040,8:46:40,,,
1080,8:46:45,,,
480,8:47:05,,,
600,8:47:12,,,
640,8:47:26,,,
760,8:47:33,,,
1120,8:47:42,,,
840,8:47:57,,,
480,8:48:00,,,
1040,8:48:08,,,
920,8:48:19,,,
920,8:48:38,,,
520,8:49:21,,,
1000,8:49:45,,,
480,8:49:55,,,
680,8:50:30,,,
1040,8:50:36,,,
640,8:50:54,,,
840,8:51:22,,,
440,8:51:23,,,
480,8:51:24,,,
600,8:51:41,,,
1160,8:52:19,,,
1040,8:52:37,,,
1080,8:52:52,,,
880,8:52:55,,,
760,8:53:05,,,
1200,8:53:45,,,
1120,8:54:08,,,
1160,8:54:23,,,
600,8:54:45,,,
1160,8:54:45,,,
640,8:55:00,,,
1040,8:55:00,,,
640,8:55:06,,,
840,8:55:10,,,
640,8:55:31,,,
1120,8:55:34,,,
1200,8:55:41,,,
680,8:56:16,,,
720,8:56:37,,,
1040,8:57:53,,,
720,8:58:47,,,
960,8:58:48,,,
600,8:58:54,,,
600,8:58:55,,,
680,8:59:26,,,
960,8:59:34,,,
600,8:59:49,,,
440,8:59:52,,,
1120,8:59:59,,,
520,9:00:05,,,
1160,9:00:12,,,
1000,9:01:38,,,
520,9:02:00,,,
1160,9:02:01,,,
720,9:02:09,,,
440,9:02:23,,,
1040,9:02:26,,,
800,9:02:43,,,
560,9:03:05,,,
560,9:03:28,,,
1080,9:03:38,,,
600,9:03:47,,,
560,9:04:37,,,
720,9:05:09,,,
800,9:05:24,,,
680,9:05:45,,,
560,9:06:10,,,
1160,9:06:44,,,
1120,9:06:50,,,
880,9:06:54,,,
440,9:07:01,,,
1080,9:07:05,,,
960,9:07:17,,,
1000,9:07:23,,,
1000,9:07:56,,,
800,9:08:07,,,
760,9:08:17,,,
840,9:08:30,,,
840,9:08:44,,,
880,9:09:22,,,
520,9:09:24,,,
880,9:09:28,,,
480,9:09:35,,,
1000,9:09:38,,,
1040,9:10:09,,,
840,9:10:15,,,
560,9:10:26,,,
560,9:10:35,,,
560,9:10:40,,,
600,9:10:59,,,
840,9:11:11,,,
1080,9:11:12,,,
640,9:11:24,,,
520,9:12:03,,,
1200,9:12:11,,,
600,9:12:15,,,
760,9:12:32,,,
520,9:13:21,,,
640,9:13:27,,,
400,9:13:29,,,
680,9:13:34,,,
640,9:13:55,,,
840,9:14:18,,,
640,9:14:26,,,
840,9:14:27,,,
1200,9:14:35,,,
1080,9:14:39,,,
880,9:14:49,,,
600,9:15:07,,,
960,9:15:11,,,
640,9:15:22,,,
600,9:15:30,,,
520,9:15:40,,,
720,9:15:51,,,
960,9:17:13,,,
720,9:17:36,,,
1040,9:17:57,,,
520,9:18:03,,,
800,9:18:10,,,
1120,9:18:28,,,
680,9:18:31,,,
1000,9:18:36,,,
1080,9:18:50,,,
480,9:19:13,,,
1120,9:19:28,,,
480,9:20:00,,,
600,9:20:05,,,
920,9:20:19,,,
760,9:20:19,,,
840,9:20:23,,,
560,9:20:30,,,
920,9:21:01,,,
720,9:21:07,,,
800,9:21:09,,,
1000,9:21:28,,,
1160,9:22:00,,,
1040,9:22:17,,,
800,9:22:23,,,
1080,9:22:32,,,
760,9:22:39,,,
800,9:22:45,,,
600,9:22:56,,,
560,9:23:22,,,
1080,9:23:37,,,
1120,9:23:45,,,
520,9:23:53,,,
1000,9:24:06,,,
920,9:24:28,,,
1000,9:24:31,,,
760,9:24:39,,,
960,9:24:41,,,
560,9:24:44,,,
1160,9:24:52,,,
720,9:25:03,,,
720,9:26:12,,,
440,9:26:16,,,
640,9:26:30,,,
560,9:26:41,,,
680,9:26:41,,,
1120,9:26:48,,,
640,9:26:55,,,
880,9:27:11,,,
840,9:27:58,,,
840,9:28:04,,,
1200,9:28:07,,,
680,9:28:24,,,
720,9:28:25,,,
600,9:28:27,,,
600,9:28:29,,,
880,9:28:50,,,
960,9:29:50,,,
920,9:30:04,,,
400,9:30:08,,,
960,9:30:12,,,
680,9:30:21,,,
920,9:30:27,,,
1040,9:30:29,,,
400,9:31:36,,,
600,9:31:44,,,
640,9:32:18,,,
1120,9:32:43,,,
1200,9:32:44,,,
840,9:32:44,,,
1000,9:32:46,,,
1120,9:33:13,,,
440,9:33:17,,,
1040,9:33:46,,,
1040,9:33:51,,,
680,9:33:59,,,
640,9:34:49,,,
600,9:35:03,,,
760,9:35:24,,,
840,9:35:50,,,
920,9:36:08,,,
1080,9:36:48,,,
480,9:37:05,,,
680,9:37:31,,,
560,9:37:50,,,
960,9:39:23,,,
600,9:39:22,,,
880,9:40:18,,,
440,9:40:20,,,
800,9:40:25,,,
720,9:40:37,,,
480,9:40:50,,,
720,9:40:51,,,
1120,9:40:53,,,
520,9:41:03,,,
520,9:41:27,,,
1120,9:41:52,,,
600,9:42:30,,,
960,9:42:55,,,
480,9:43:58,,,
600,9:44:29,,,
920,9:44:48,,,
880,9:44:54,,,
600,9:44:54,,,
1000,9:45:09,,,
720,9:45:22,,,
1160,9:45:57,,,
1200,9:47:04,,,
680,9:47:34,,,
1120,9:47:38,,,
640,9:47:51,,,
1080,9:48:05,,,
400,9:48:30,,,
920,9:48:35,,,
1040,9:48:59,,,
1080,9:49:15,,,
600,9:49:19,,,
800,9:49:31,,,
1200,9:49:38,,,
640,9:49:40,,,
520,9:49:54,,,
1120,9:50:26,,,
600,9:50:34,,,
720,9:50:36,,,
8760,9:51:01,,,
920,9:51:08,,,
840,9:52:06,,,
400,9:52:14,,,
720,9:52:18,,,
880,9:52:41,,,
1000,9:53:33,,,
1120,9:53:49,,,
920,9:53:53,,,
560,9:54:03,,,
1120,9:54:15,,,
1040,9:54:17,,,
880,9:54:27,,,
880,9:54:44,,,
680,9:55:23,,,
680,9:55:36,,,
720,9:56:06,,,
1080,9:56:09,,,
600,9:56:29,,,
2480,6:39:57,,,
2640,6:40:16,,,
2160,6:40:18,,,
2200,6:41:09,,,
2640,6:42:14,,,
2720,6:42:40,,,
2160,6:42:41,,,
1920,6:43:07,,,
2120,6:43:44,,,
2720,6:44:17,,,
2000,6:44:49,,,
2680,6:44:52,,,
2640,6:45:16,,,
2120,6:45:44,,,
2720,6:46:31,,,
2520,6:46:32,,,
1800,6:46:40,,,
1880,6:47:03,,,
2680,6:47:03,,,
1840,6:47:16,,,
2160,6:47:38,,,
2640,6:48:08,,,
2360,6:48:19,,,
2720,6:48:26,,,
2240,6:48:45,,,
1880,6:49:03,,,
2480,6:49:17,,,
2640,6:49:38,,,
2000,6:50:06,,,
2480,6:51:28,,,
1840,6:52:36,,,
2240,6:52:44,,,
2000,6:52:51,,,
2320,6:53:08,,,
2720,6:53:27,,,
1840,6:53:33,,,
1880,6:53:35,,,
2640,6:53:52,,,
2000,6:54:17,,,
2600,6:54:19,,,
1920,6:54:33,,,
2080,6:54:35,,,
2120,6:55:05,,,
2680,6:55:06,,,
2400,6:55:07,,,
2000,6:55:23,,,
2080,6:55:41,,,
2640,6:56:03,,,
2240,6:56:06,,,
2400,6:56:23,,,
2640,6:57:21,,,
1840,6:57:21,,,
2680,6:57:34,,,
2640,6:57:38,,,
2160,6:58:11,,,
2200,6:58:33,,,
2200,6:58:37,,,
2080,6:58:48,,,
1920,6:59:22,,,
2280,6:59:33,,,
2640,6:59:38,,,
2600,7:00:21,,,
2240,7:01:17,,,
2320,7:01:17,,,
2680,7:01:20,,,
2440,7:01:37,,,
2680,7:01:51,,,
2200,7:02:24,,,
2200,7:02:31,,,
2680,7:02:56,,,
2160,7:03:42,,,
2440,7:04:16,,,
2160,7:04:43,,,
2080,7:05:20,,,
2320,7:06:46,,,
2000,7:06:51,,,
2280,7:07:05,,,
1840,7:07:08,,,
2040,7:07:37,,,
2080,7:07:46,,,
2120,7:08:45,,,
2240,7:10:29,,,
2040,7:10:32,,,
2360,7:11:07,,,
1920,7:12:01,,,
2160,7:12:44,,,
2000,7:13:17,,,
2000,7:13:49,,,
1960,7:14:10,,,
1880,7:14:20,,,
1800,7:15:17,,,
1800,7:15:24,,,
2240,7:15:32,,,
2360,7:16:52,,,
2160,7:16:54,,,
2600,7:16:55,,,
2640,7:17:00,,,
2680,7:17:12,,,
2720,7:17:12,,,
2040,7:17:29,,,
2000,7:18:20,,,
2040,7:18:44,,,
2560,7:18:52,,,
2360,7:19:10,,,
2160,7:19:43,,,
2320,7:19:47,,,
2640,7:20:00,,,
2160,7:20:33,,,
2160,7:20:50,,,
2200,7:21:14,,,
2320,7:22:03,,,
2640,7:23:03,,,
2320,7:23:09,,,
1880,7:23:33,,,
2280,7:23:56,,,
2080,7:24:19,,,
1920,7:24:20,,,
2680,7:24:25,,,
2080,7:24:25,,,
2360,7:24:40,,,
2560,7:25:23,,,
2160,7:25:33,,,
2040,7:25:37,,,
2360,7:26:32,,,
2480,7:26:33,,,
2560,7:26:36,,,
1880,7:26:44,,,
2160,7:26:49,,,
2400,7:27:00,,,
2400,7:27:03,,,
2440,7:27:10,,,
2400,7:27:21,,,
2480,7:27:26,,,
2680,7:27:30,,,
2200,7:27:35,,,
2080,7:28:24,,,
2200,7:28:32,,,
2000,7:28:34,,,
2400,7:28:40,,,
1840,7:29:05,,,
2080,7:29:05,,,
1880,7:29:31,,,
2640,7:29:32,,,
2360,7:29:39,,,
1960,7:29:49,,,
2200,7:30:12,,,
2040,7:30:21,,,
2080,7:30:25,,,
2640,7:31:19,,,
2360,7:31:29,,,
2080,7:31:31,,,
2680,7:31:29,,,
2120,7:32:27,,,
2360,7:32:37,,,
2440,7:32:53,,,
2120,7:33:01,,,
1880,7:33:05,,,
2120,7:33:06,,,
2440,7:33:30,,,
2080,7:33:45,,,
2040,7:33:48,,,
2200,7:34:01,,,
2440,7:34:13,,,
2040,7:34:23,,,
2160,7:34:36,,,
2080,7:34:45,,,
2560,7:34:55,,,
2160,7:35:15,,,
2200,7:35:25,,,
2080,7:35:48,,,
1840,7:35:49,,,
1840,7:36:36,,,
2360,7:36:37,,,
2280,7:38:12,,,
2440,7:38:20,,,
2480,7:39:55,,,
2240,7:39:56,,,
2400,7:40:21,,,
2040,7:40:46,,,
2560,7:40:59,,,
1960,7:41:24,,,
2600,7:42:32,,,
2680,7:42:34,,,
2360,7:42:43,,,
2400,7:42:57,,,
2160,7:43:03,,,
1960,7:43:09,,,
2320,7:43:12,,,
2040,7:43:18,,,
2200,7:43:19,,,
2480,7:43:33,,,
2560,7:43:43,,,
2560,7:44:26,,,
2200,7:44:40,,,
1840,7:44:41,,,
1800,7:44:50,,,
2440,7:45:02,,,
1960,7:45:11,,,
2360,7:45:42,,,
2560,7:45:52,,,
2360,7:46:04,,,
2680,7:46:16,,,
2520,7:46:26,,,
2320,7:46:39,,,
2320,7:47:01,,,
1840,7:47:13,,,
2400,7:49:10,,,
2000,7:49:15,,,
2440,7:50:19,,,
1880,7:50:25,,,
2200,7:50:31,,,
1880,7:50:59,,,
2160,7:51:06,,,
2400,7:51:20,,,
2000,7:51:28,,,
2000,7:51:52,,,
2120,7:52:06,,,
2320,7:52:17,,,
2080,7:52:22,,,
1920,7:52:58,,,
2520,7:53:08,,,
2320,7:53:14,,,
2360,7:53:15,,,
2040,7:53:28,,,
2640,7:53:53,,,
2160,7:54:05,,,
2000,7:54:40,,,
1960,7:54:49,,,
2240,7:55:01,,,
1920,7:55:21,,,
1800,7:55:36,,,
1800,7:55:39,,,
1960,7:56:07,,,
2160,7:56:18,,,
2200,7:56:19,,,
1880,7:56:40,,,
2080,7:56:41,,,
2480,7:56:59,,,
2280,7:57:09,,,
2640,7:58:20,,,
2440,7:58:40,,,
2120,7:58:51,,,
2280,7:59:05,,,
2600,7:59:08,,,
2080,7:59:39,,,
1880,8:00:07,,,
2720,8:00:18,,,
2720,8:00:19,,,
2520,8:00:30,,,
2480,8:00:36,,,
2600,8:00:39,,,
2040,8:01:03,,,
1920,8:01:07,,,
1800,8:02:42,,,
1800,8:02:53,,,
2040,8:02:54,,,
2360,8:03:11,,,
2640,8:03:59,,,
2000,8:04:05,,,
2520,8:04:23,,,
1800,8:04:26,,,
1880,8:04:40,,,
1880,8:04:46,,,
2240,8:04:50,,,
1960,8:05:05,,,
2000,8:05:09,,,
1800,8:05:23,,,
2240,8:05:25,,,
2040,8:05:49,,,
2000,8:06:17,,,
2280,8:07:19,,,
2480,8:07:49,,,
2520,8:08:43,,,
2040,8:08:53,,,
2160,8:08:54,,,
2360,8:09:07,,,
1840,8:09:23,,,
1800,8:09:25,,,
2160,8:09:35,,,
2240,8:09:54,,,
2680,8:10:00,,,
2040,8:10:15,,,
2680,8:10:27,,,
2320,8:10:31,,,
2560,8:10:31,,,
1920,8:10:39,,,
2560,8:11:02,,,
2320,8:11:04,,,
2280,8:11:19,,,
2200,8:11:57,,,
2520,8:12:14,,,
2240,8:12:38,,,
2280,8:13:06,,,
2000,8:13:19,,,
2000,8:13:27,,,
2560,8:13:35,,,
2120,8:13:36,,,
1880,8:13:37,,,
1800,8:14:27,,,
2440,8:14:35,,,
1880,8:14:56,,,
2640,8:15:02,,,
2720,8:15:17,,,
2160,8:15:37,,,
2120,8:16:18,,,
2320,8:16:24,,,
1840,8:16:40,,,
1880,8:16:50,,,
2680,8:16:58,,,
2160,8:16:59,,,
2080,8:17:03,,,
2480,8:17:10,,,
1880,8:17:13,,,
2560,8:17:27,,,
2040,8:17:42,,,
2560,8:17:57,,,
1840,8:19:04,,,
2120,8:19:07,,,
2600,8:20:04,,,
1800,8:20:10,,,
2320,8:20:22,,,
1960,8:20:26,,,
2120,8:20:34,,,
2000,8:21:24,,,
2360,8:21:32,,,
2160,8:21:34,,,
1920,8:21:43,,,
2320,8:22:25,,,
2440,8:22:33,,,
2080,8:22:38,,,
2440,8:22:45,,,
2680,8:22:55,,,
2200,8:23:00,,,
2000,8:23:19,,,
1960,8:23:31,,,
2400,8:23:42,,,
1840,8:23:53,,,
2480,8:24:32,,,
2000,8:25:09,,,
2240,8:25:13,,,
2280,8:25:19,,,
2640,8:26:28,,,
2520,8:26:45,,,
2360,8:27:00,,,
2120,8:28:17,,,
2240,8:28:18,,,
2040,8:28:58,,,
2680,8:29:13,,,
2000,8:29:15,,,
2000,8:30:08,,,
2080,8:30:11,,,
1840,8:30:19,,,
1880,8:30:40,,,
2560,8:31:27,,,
1880,8:31:29,,,
2480,8:31:55,,,
1880,8:32:13,,,
2200,8:32:13,,,
2160,8:32:17,,,
2200,8:32:25,,,
2240,8:32:48,,,
2120,8:33:30,,,
2080,8:33:30,,,
1920,8:33:37,,,
1880,8:33:53,,,
2600,8:34:05,,,
2280,8:34:08,,,
2400,8:34:13,,,
2080,8:34:20,,,
1880,8:34:30,,,
2200,8:34:36,,,
2360,8:34:37,,,
2560,8:35:00,,,
1960,8:35:04,,,
2040,8:35:25,,,
2000,8:36:07,,,
2520,8:36:11,,,
1840,8:36:25,,,
1920,8:36:40,,,
2560,8:37:47,,,
2400,8:37:55,,,
2120,8:38:04,,,
2680,8:38:58,,,
2560,8:39:28,,,
2360,8:39:43,,,
2440,8:39:47,,,
2360,8:40:06,,,
2120,8:40:32,,,
2680,8:40:35,,,
2040,8:40:46,,,
1920,8:40:50,,,
1840,8:41:12,,,
1880,8:41:22,,,
1800,8:41:30,,,
2320,8:41:55,,,
2360,8:42:00,,,
2080,8:42:02,,,
2720,8:42:01,,,
2600,8:42:07,,,
2520,8:42:25,,,
2240,8:42:45,,,
1840,8:42:50,,,
2080,8:43:35,,,
2640,8:43:58,,,
2240,8:44:02,,,
2560,8:44:06,,,
2000,8:45:20,,,
2440,8:45:40,,,
2640,8:45:43,,,
2240,8:45:49,,,
2000,8:45:55,,,
2560,8:46:05,,,
2640,8:46:06,,,
2320,8:46:36,,,
2240,8:46:47,,,
2080,8:47:03,,,
2000,8:47:05,,,
2480,8:47:18,,,
2640,8:47:44,,,
2160,8:48:04,,,
2520,8:48:09,,,
2080,8:48:56,,,
2640,8:48:57,,,
2520,8:48:57,,,
2280,8:49:29,,,
1880,8:49:48,,,
2640,8:50:28,,,
2120,8:50:46,,,
2120,8:50:48,,,
2680,8:51:01,,,
2080,8:51:14,,,
2640,8:51:43,,,
2680,8:51:43,,,
2640,8:52:04,,,
2360,8:52:20,,,
2400,8:52:30,,,
2520,8:53:34,,,
2080,8:53:45,,,
2560,8:53:46,,,
1920,8:54:03,,,
2600,8:54:21,,,
2320,8:54:23,,,
2360,8:54:29,,,
1960,8:54:51,,,
1840,8:54:59,,,
2040,8:55:37,,,
2320,8:55:40,,,
2120,8:55:45,,,
2560,8:55:50,,,
2280,8:55:50,,,
1800,8:56:12,,,
2080,8:56:25,,,
2440,8:56:25,,,
2040,8:56:43,,,
2560,8:56:45,,,
2240,8:57:15,,,
2560,8:57:35,,,
2520,8:57:55,,,
2120,8:59:28,,,
2440,8:59:57,,,
1840,9:00:10,,,
2280,9:00:17,,,
2280,9:00:19,,,
2320,9:00:22,,,
2600,9:00:54,,,
1960,9:01:13,,,
2640,9:01:12,,,
2000,9:01:26,,,
2280,9:01:33,,,
2200,9:02:25,,,
2720,9:02:39,,,
2440,9:03:29,,,
2240,9:03:30,,,
2680,9:03:31,,,
1880,9:04:31,,,
2040,9:05:32,,,
2160,9:05:34,,,
2080,9:05:34,,,
2520,9:06:55,,,
2160,9:07:21,,,
1840,9:07:34,,,
2480,9:07:36,,,
2360,9:08:10,,,
2480,9:09:01,,,
1800,9:10:43,,,
2240,9:10:53,,,
2640,9:11:49,,,
2280,9:11:52,,,
2160,9:12:00,,,
2440,9:12:09,,,
1880,9:12:25,,,
2360,9:12:41,,,
2600,9:13:01,,,
2680,9:13:58,,,
1800,9:14:00,,,
2400,9:14:08,,,
1800,9:14:26,,,
2600,9:14:35,,,
2160,9:14:44,,,
2440,9:14:56,,,
2200,9:15:18,,,
2360,9:15:19,,,
2040,9:15:34,,,
2520,9:15:44,,,
2400,9:15:47,,,
2560,9:15:48,,,
2120,9:16:24,,,
2320,9:16:48,,,
2160,9:17:09,,,
2680,9:17:29,,,
1960,9:18:08,,,
2440,9:18:37,,,
2120,9:19:08,,,
2280,9:19:24,,,
2360,9:19:24,,,
2720,9:19:29,,,
1960,9:19:32,,,
2640,9:20:00,,,
2640,9:20:02,,,
2000,9:20:40,,,
2480,9:20:42,,,
2000,9:20:46,,,
2440,9:21:33,,,
1840,9:21:46,,,
1880,9:21:50,,,
2240,9:21:56,,,
2280,9:22:38,,,
2000,9:22:58,,,
1920,9:23:04,,,
1840,9:23:07,,,
2320,9:23:33,,,
2240,9:24:20,,,
2280,9:24:22,,,
1840,9:24:50,,,
2360,9:25:12,,,
1800,9:25:19,,,
2200,9:25:27,,,
2400,9:25:28,,,
2480,9:25:44,,,
2080,9:26:33,,,
2680,9:26:33,,,
2000,9:26:39,,,
2120,9:26:59,,,
2600,9:27:38,,,
2360,9:27:48,,,
1880,9:28:47,,,
2240,9:30:05,,,
2240,9:30:16,,,
2040,9:30:31,,,
2160,9:30:34,,,
2360,9:30:34,,,
2520,9:30:48,,,
2640,9:30:49,,,
2000,9:30:54,,,
2480,9:31:00,,,
2520,9:31:19,,,
2720,9:31:26,,,
2600,9:32:09,,,
2000,9:32:22,,,
2040,9:32:33,,,
2200,9:32:58,,,
2280,9:33:33,,,
2080,9:33:42,,,
1840,9:33:52,,,
2080,9:33:55,,,
2280,9:34:03,,,
2360,9:35:05,,,
2080,9:35:05,,,
2120,9:35:06,,,
1880,9:35:24,,,
2240,9:36:31,,,
2280,9:37:05,,,
2680,9:37:54,,,
2480,9:38:09,,,
2240,9:38:40,,,
2360,9:39:08,,,
2560,9:39:17,,,
2160,9:39:51,,,
2240,9:40:02,,,
2320,9:41:01,,,
1920,9:41:26,,,
2480,9:41:37,,,
1840,9:42:13,,,
2040,9:42:18,,,
2120,9:42:36,,,
1840,9:43:04,,,
2640,9:43:06,,,
1960,9:43:20,,,
2720,9:43:33,,,
2160,9:43:44,,,
1840,9:43:51,,,
2440,9:44:01,,,
2520,9:44:29,,,
1800,9:45:23,,,
1960,9:45:31,,,
2480,9:46:12,,,
2520,9:46:39,,,
2880,6:41:33,,,
2880,6:41:52,,,
3000,6:42:09,,,
3120,6:42:19,,,
2880,6:42:20,,,
2800,6:42:50,,,
3160,6:43:21,,,
2920,6:43:46,,,
2960,6:46:38,,,
3240,6:47:51,,,
2920,6:48:28,,,
2760,6:49:04,,,
3120,6:50:42,,,
2840,6:51:50,,,
2840,6:52:30,,,
3120,6:53:54,,,
3000,6:54:36,,,
3120,6:55:24,,,
2920,6:55:41,,,
2760,6:57:07,,,
2960,6:57:18,,,
3040,6:59:50,,,
3160,7:01:00,,,
3040,7:01:53,,,
3080,7:02:11,,,
3080,7:02:17,,,
3040,7:02:45,,,
2760,7:03:45,,,
2920,7:04:18,,,
2760,7:04:18,,,
3000,7:04:56,,,
3200,7:04:56,,,
3160,7:04:59,,,
2880,7:05:21,,,
3000,7:05:39,,,
2960,7:06:43,,,
3160,7:07:03,,,
2920,7:08:07,,,
3160,7:08:21,,,
2960,7:08:34,,,
3000,7:09:58,,,
3040,7:10:22,,,
2800,7:10:35,,,
3200,7:11:35,,,
3160,7:11:49,,,
3040,7:12:36,,,
3240,7:14:34,,,
3200,7:14:53,,,
2760,7:18:32,,,
3040,7:19:04,,,
3120,7:21:11,,,
2920,7:21:21,,,
2840,7:23:14,,,
3200,7:27:38,,,
2760,7:28:04,,,
3240,7:28:52,,,
2960,7:29:23,,,
2840,7:29:40,,,
2960,7:29:57,,,
3200,7:30:52,,,
3120,7:31:08,,,
3200,7:32:34,,,
3000,7:32:39,,,
3120,7:34:14,,,
3160,7:34:33,,,
2760,7:35:25,,,
2920,7:37:38,,,
2720,7:38:42,,,
2800,7:39:42,,,
3000,7:40:01,,,
3120,7:44:48,,,
2960,7:46:01,,,
3200,7:52:19,,,
3000,7:52:47,,,
3080,7:52:49,,,
3040,7:55:33,,,
2960,7:56:57,,,
3120,7:59:03,,,
3240,8:00:06,,,
2880,8:01:31,,,
3160,8:02:14,,,
3160,8:03:11,,,
3160,8:04:23,,,
3160,8:05:17,,,
3160,8:07:47,,,
2760,8:07:55,,,
3240,8:09:15,,,
2720,8:10:00,,,
2920,8:11:18,,,
3240,8:11:36,,,
3000,8:12:54,,,
2880,8:14:50,,,
2800,8:15:40,,,
2920,8:16:11,,,
3200,8:16:19,,,
2720,8:16:24,,,
3120,8:17:32,,,
2720,8:17:47,,,
3200,8:18:11,,,
3040,8:21:03,,,
2920,8:22:46,,,
3000,8:22:50,,,
2920,8:23:09,,,
2920,8:23:13,,,
3200,8:23:12,,,
2920,8:23:33,,,
2800,8:23:56,,,
3040,8:24:22,,,
2880,8:27:07,,,
2880,8:28:31,,,
2760,8:29:28,,,
2880,8:29:35,,,
2920,8:29:52,,,
3080,8:30:07,,,
3240,8:30:14,,,
2800,8:31:52,,,
3000,8:32:39,,,
3040,8:32:45,,,
3200,8:34:02,,,
3000,8:34:16,,,
2960,8:34:33,,,
2760,8:36:58,,,
3120,8:39:27,,,
3000,8:39:49,,,
2960,8:40:15,,,
3040,8:41:47,,,
3120,8:42:21,,,
3160,8:43:04,,,
3120,8:46:10,,,
2880,8:46:17,,,
2880,8:46:23,,,
2800,8:47:15,,,
3120,8:52:07,,,
3080,8:52:39,,,
3200,8:54:03,,,
3200,8:56:14,,,
2720,8:56:40,,,
2800,8:56:45,,,
2840,8:56:55,,,
3200,8:57:20,,,
3000,8:59:57,,,
3240,9:00:20,,,
2880,9:01:30,,,
2840,9:02:22,,,
2760,9:02:52,,,
2840,9:03:17,,,
2840,9:06:38,,,
3000,9:09:51,,,
3120,9:10:55,,,
3080,9:11:25,,,
3200,9:12:15,,,
2800,9:13:09,,,
3080,9:13:24,,,
3000,9:13:44,,,
2880,9:14:52,,,
3080,9:14:56,,,
3200,9:15:03,,,
2920,9:16:10,,,
3200,9:16:31,,,
2920,9:16:57,,,
2760,9:17:47,,,
3040,9:19:03,,,
2880,9:19:44,,,
3200,9:20:48,,,
3000,9:20:54,,,
2760,9:21:20,,,
2840,9:24:07,,,
2840,9:25:08,,,
3040,9:25:17,,,
3200,9:25:17,,,
3120,9:25:26,,,
3000,9:27:29,,,
3040,9:27:49,,,
3080,9:29:01,,,
3000,9:29:48,,,
2880,9:30:15,,,
2920,9:32:36,,,
2920,9:33:49,,,
3200,9:34:21,,,
3200,9:35:01,,,
3160,9:36:36,,,
3040,9:38:02,,,
2880,9:39:32,,,
2920,9:41:07,,,
3080,9:41:30,,,
3240,9:41:29,,,
3040,9:42:08,,,
2880,9:42:37,,,
3240,9:43:10,,,
2920,9:44:02,,,
2880,9:44:09,,,
3200,9:44:42,,,
2960,9:45:27,,,
3840,6:44:27,,,
3840,6:45:07,,,
4040,6:45:10,,,
4080,6:45:59,,,
4160,6:47:16,,,
4160,6:47:34,,,
3680,6:47:53,,,
4200,6:49:23,,,
4080,6:50:12,,,
3800,6:50:28,,,
4080,6:50:37,,,
4120,6:50:54,,,
3920,6:51:02,,,
3840,6:52:03,,,
3960,6:52:08,,,
3680,6:52:13,,,
3680,6:52:14,,,
3800,6:52:22,,,
3920,6:53:22,,,
3720,6:53:31,,,
3880,6:53:46,,,
3880,6:53:56,,,
3680,6:54:09,,,
3600,6:55:21,,,
3560,6:55:43,,,
3680,6:57:09,,,
3640,6:57:14,,,
3640,6:58:09,,,
4000,6:59:05,,,
3600,7:00:29,,,
4040,7:01:02,,,
4040,7:02:14,,,
4000,7:03:57,,,
3680,7:04:04,,,
3840,7:04:04,,,
3840,7:04:13,,,
3800,7:04:21,,,
3680,7:04:32,,,
3880,7:04:49,,,
3800,7:05:30,,,
3920,7:06:16,,,
3880,7:06:30,,,
3600,7:07:01,,,
4120,7:07:58,,,
3720,7:08:32,,,
4000,7:08:40,,,
3560,7:09:07,,,
3720,7:10:28,,,
4040,7:10:29,,,
4000,7:10:46,,,
3600,7:11:25,,,
3960,7:12:32,,,
3560,7:13:44,,,
3960,7:14:51,,,
3600,7:15:18,,,
4120,7:16:30,,,
3760,7:16:37,,,
4000,7:17:15,,,
3920,7:17:21,,,
4080,7:18:02,,,
4080,7:18:09,,,
3560,7:18:37,,,
4200,7:19:19,,,
3560,7:19:44,,,
3960,7:20:16,,,
3840,7:20:27,,,
3560,7:21:16,,,
3920,7:22:12,,,
3880,7:22:38,,,
3880,7:23:13,,,
3920,7:24:01,,,
4000,7:24:36,,,
4080,7:26:34,,,
3600,7:26:34,,,
3560,7:26:53,,,
4080,7:28:03,,,
4080,7:28:22,,,
3920,7:29:58,,,
4000,7:30:29,,,
3920,7:31:14,,,
3920,7:31:20,,,
4200,7:31:20,,,
3560,7:31:24,,,
4000,7:31:43,,,
4000,7:32:21,,,
3560,7:33:46,,,
3720,7:33:53,,,
3960,7:34:38,,,
3760,7:34:57,,,
4120,7:35:04,,,
3760,7:35:31,,,
4040,7:36:06,,,
3880,7:36:29,,,
4040,7:38:34,,,
4080,7:39:18,,,
4120,7:39:38,,,
3760,7:39:46,,,
3560,7:40:29,,,
4000,7:40:30,,,
4040,7:41:14,,,
3680,7:42:26,,,
4160,7:42:48,,,
3560,7:43:18,,,
4040,7:43:44,,,
3920,7:43:58,,,
4000,7:45:48,,,
3720,7:46:25,,,
4120,7:47:19,,,
3960,7:47:36,,,
3800,7:47:45,,,
3640,7:48:26,,,
4080,7:48:29,,,
4040,7:48:55,,,
3720,7:49:06,,,
3880,7:49:42,,,
3720,7:49:51,,,
4040,7:50:22,,,
4120,7:50:29,,,
3600,7:50:41,,,
3880,7:51:26,,,
3600,7:54:03,,,
4120,7:54:43,,,
3920,7:55:08,,,
3840,7:55:50,,,
4040,7:56:24,,,
4120,7:56:24,,,
3760,7:56:52,,,
4160,7:56:53,,,
3800,7:57:02,,,
3720,7:58:36,,,
3760,7:59:30,,,
3840,8:00:02,,,
3960,8:01:52,,,
3880,8:02:22,,,
3640,8:02:23,,,
4080,8:02:58,,,
4120,8:03:24,,,
4000,8:05:43,,,
3560,8:06:27,,,
4000,8:07:07,,,
3760,8:07:17,,,
3920,8:07:22,,,
3840,8:07:29,,,
3880,8:09:11,,,
3880,8:09:57,,,
3640,8:10:19,,,
4160,8:10:32,,,
4040,8:12:40,,,
4000,8:12:51,,,
3960,8:13:30,,,
3640,8:15:28,,,
3680,8:15:28,,,
3920,8:15:33,,,
3680,8:15:33,,,
4080,8:17:38,,,
3880,8:18:28,,,
3640,8:18:53,,,
3760,8:19:23,,,
3560,8:19:49,,,
3720,8:22:28,,,
3920,8:22:54,,,
3800,8:23:39,,,
3800,8:24:35,,,
3760,8:25:24,,,
3640,8:26:21,,,
3960,8:26:52,,,
3880,8:26:59,,,
3800,8:29:19,,,
3640,8:29:19,,,
4120,8:29:19,,,
3640,8:29:29,,,
3720,8:32:07,,,
4120,8:32:09,,,
3640,8:33:59,,,
3640,8:34:22,,,
3760,8:35:03,,,
3600,8:35:16,,,
3720,8:36:29,,,
3840,8:37:30,,,
3880,8:38:12,,,
3600,8:38:44,,,
4120,8:39:23,,,
3680,8:39:45,,,
3800,8:39:53,,,
4200,8:40:00,,,
4160,8:40:09,,,
4160,8:40:12,,,
3760,8:41:26,,,
3720,8:42:28,,,
4120,8:45:10,,,
4080,8:45:42,,,
3840,8:47:07,,,
4080,8:47:19,,,
4040,8:48:12,,,
3720,8:49:00,,,
3920,8:49:24,,,
4120,8:50:08,,,
3640,8:50:22,,,
3600,8:50:44,,,
3880,8:50:48,,,
3920,8:51:04,,,
3680,8:51:13,,,
3920,8:52:04,,,
3760,8:53:05,,,
3840,8:54:03,,,
4080,8:54:14,,,
4200,8:54:49,,,
4080,8:55:34,,,
3560,8:56:28,,,
4000,8:56:37,,,
3960,8:56:56,,,
4120,8:56:52,,,
3960,8:57:38,,,
3720,8:58:07,,,
3640,8:59:48,,,
3960,9:00:16,,,
3880,9:00:43,,,
3840,9:02:15,,,
4000,9:02:27,,,
3960,9:03:33,,,
3640,9:04:34,,,
4160,9:04:42,,,
3680,9:05:00,,,
3600,9:05:56,,,
4000,9:06:19,,,
3680,9:08:14,,,
3720,9:09:48,,,
4040,9:10:05,,,
4200,9:10:20,,,
4080,9:11:18,,,
4160,9:13:52,,,
3640,9:14:34,,,
4120,9:15:07,,,
3960,9:15:25,,,
3840,9:15:42,,,
3720,9:15:55,,,
3880,9:16:08,,,
4040,9:16:30,,,
3600,9:18:29,,,
4160,9:18:43,,,
3560,9:19:42,,,
3600,9:22:13,,,
3600,9:23:26,,,
3800,9:23:37,,,
4160,9:24:02,,,
4120,9:24:18,,,
3720,9:25:40,,,
3840,9:27:16,,,
3600,9:28:02,,,
3640,9:28:10,,,
4040,9:28:16,,,
4160,9:28:52,,,
3720,9:29:28,,,
36440,9:30:07,,,
3760,9:30:21,,,
4000,9:30:27,,,
4080,9:30:40,,,
3600,9:30:46,,,
4160,9:31:44,,,
3800,9:36:34,,,
4040,9:37:10,,,
3720,9:40:10,,,
4120,9:40:39,,,
4080,9:41:18,,,
3960,9:42:02,,,
3680,9:43:38,,,
3760,9:45:50,,,
3720,9:46:08,,,
3680,9:46:21,,,
760,6:37:55,,,
1200,6:40:10,,,
960,6:48:54,,,
1080,6:50:25,,,
600,6:52:44,,,
1080,6:54:34,,,
960,6:54:52,,,
1200,6:57:04,,,
680,6:58:26,,,
480,6:58:33,,,
920,7:00:05,,,
960,7:04:01,,,
1120,7:08:30,,,
1160,7:09:23,,,
720,7:09:50,,,
680,7:10:48,,,
880,7:14:05,,,
1040,7:15:35,,,
1000,7:16:18,,,
840,7:17:20,,,
1040,7:22:49,,,
800,7:22:56,,,
920,7:24:31,,,
1120,7:24:42,,,
480,7:25:32,,,
1040,7:27:42,,,
1160,7:30:39,,,
920,7:30:55,,,
1120,7:31:14,,,
680,7:31:35,,,
600,7:32:06,,,
560,7:35:08,,,
680,7:35:20,,,
1160,7:37:31,,,
1040,7:38:01,,,
1040,7:38:19,,,
1000,7:40:27,,,
960,7:42:29,,,
480,7:44:58,,,
1160,7:46:26,,,
1200,7:46:40,,,
440,7:47:20,,,
600,7:47:22,,,
1200,7:48:12,,,
1040,7:48:23,,,
800,7:49:00,,,
600,7:50:08,,,
800,7:51:21,,,
560,7:53:17,,,
1080,7:53:39,,,
560,7:57:16,,,
1120,8:01:03,,,
720,8:02:53,,,
1160,8:04:28,,,
480,8:04:59,,,
1040,8:07:13,,,
760,8:08:26,,,
1200,8:12:17,,,
520,8:13:25,,,
1200,8:15:48,,,
960,8:15:57,,,
920,8:16:28,,,
960,8:17:10,,,
1000,8:22:37,,,
520,8:23:51,,,
760,8:25:25,,,
800,8:30:32,,,
680,8:35:20,,,
1080,8:36:34,,,
720,8:38:51,,,
1200,8:38:59,,,
920,8:40:47,,,
960,8:42:36,,,
1000,8:43:39,,,
1000,8:44:35,,,
680,8:45:14,,,
600,8:46:13,,,
1080,8:55:19,,,
1040,8:58:19,,,
1160,9:02:35,,,
840,9:02:47,,,
920,9:02:53,,,
880,9:03:26,,,
1000,9:05:32,,,
1000,9:06:17,,,
640,9:06:25,,,
800,9:07:34,,,
1120,9:07:39,,,
840,9:10:54,,,
560,9:13:14,,,
920,9:13:27,,,
1080,9:13:49,,,
600,9:18:25,,,
1000,9:20:42,,,
1000,9:21:03,,,
520,9:29:55,,,
1040,9:33:35,,,
1000,9:38:04,,,
440,9:38:10,,,
600,9:38:15,,,
920,9:39:20,,,
1040,9:39:46,,,
840,9:40:10,,,
1040,9:41:49,,,
520,9:43:43,,,
640,9:46:42,,,
840,9:46:49,,,
520,9:48:51,,,
1120,9:51:43,,,
560,9:52:04,,,
880,9:54:10,,,
0,7:57:24,,,
2720,6:39:56,,,
2120,6:40:32,,,
2240,6:40:51,,,
2160,6:41:06,,,
2440,6:41:18,,,
2320,6:45:14,,,
2680,6:45:28,,,
2240,6:45:45,,,
2040,6:46:05,,,
1840,6:46:10,,,
2440,6:46:44,,,
2120,6:47:23,,,
2320,6:48:08,,,
1880,6:51:20,,,
2600,6:51:25,,,
2200,6:52:53,,,
2320,6:52:57,,,
2600,6:53:55,,,
2560,6:54:04,,,
2160,6:54:31,,,
2160,6:55:13,,,
2160,6:56:18,,,
2040,6:56:41,,,
2080,6:56:54,,,
1920,7:00:26,,,
2600,7:00:53,,,
2240,7:02:11,,,
2000,7:02:45,,,
2480,7:03:44,,,
2080,7:05:19,,,
2520,7:05:20,,,
2520,7:07:39,,,
2000,7:09:25,,,
2480,7:09:49,,,
2600,7:10:10,,,
2200,7:11:00,,,
2560,7:12:21,,,
2600,7:13:13,,,
2680,7:16:06,,,
1800,7:17:07,,,
2200,7:17:33,,,
1840,7:19:30,,,
1800,7:19:50,,,
2640,7:19:56,,,
1960,7:20:00,,,
2360,7:20:44,,,
2440,7:21:39,,,
2680,7:22:01,,,
2480,7:22:06,,,
2600,7:23:19,,,
2160,7:23:57,,,
2440,7:24:22,,,
2240,7:24:22,,,
1840,7:26:31,,,
2560,7:26:39,,,
2520,7:28:55,,,
2600,7:30:00,,,
2320,7:31:13,,,
2600,7:32:46,,,
2600,7:33:50,,,
2600,7:34:47,,,
2600,7:37:10,,,
2440,7:37:18,,,
2320,7:37:23,,,
2320,7:37:37,,,
2120,7:37:41,,,
2400,7:38:25,,,
2120,7:38:35,,,
1760,7:41:46,,,
2720,7:42:00,,,
2160,7:42:15,,,
1960,7:42:17,,,
2200,7:43:26,,,
2240,7:43:27,,,
2720,7:44:51,,,
1760,7:45:55,,,
2600,7:46:26,,,
2280,7:47:03,,,
2520,7:47:08,,,
2600,7:47:11,,,
2040,7:47:33,,,
1960,7:47:49,,,
1880,7:47:51,,,
2040,7:49:02,,,
2560,7:49:05,,,
2120,7:49:14,,,
2040,7:49:18,,,
2480,7:49:19,,,
2400,7:51:09,,,
1840,7:51:31,,,
2120,7:51:34,,,
2520,7:52:19,,,
1960,7:52:33,,,
2120,7:53:58,,,
2280,7:54:20,,,
2120,7:56:08,,,
2480,7:56:47,,,
2680,7:57:09,,,
2520,7:58:34,,,
2320,8:00:16,,,
1960,8:01:14,,,
2240,8:02:04,,,
2000,8:02:25,,,
2400,8:03:06,,,
2200,8:04:24,,,
2600,8:04:26,,,
2720,8:05:48,,,
2440,8:06:42,,,
1880,8:07:33,,,
2360,8:09:45,,,
2360,8:12:03,,,
2560,8:12:18,,,
2640,8:18:37,,,
2240,8:18:57,,,
2360,8:19:06,,,
2040,8:20:19,,,
2160,8:23:36,,,
2600,8:25:21,,,
2280,8:25:57,,,
2640,8:26:02,,,
2240,8:26:28,,,
1840,8:27:09,,,
2680,8:27:32,,,
1800,8:27:47,,,
1800,8:33:02,,,
2400,8:35:48,,,
2200,8:36:29,,,
2360,8:36:31,,,
2720,8:37:28,,,
2000,8:39:09,,,
2400,8:42:18,,,
2360,8:43:02,,,
2440,8:45:06,,,
2280,8:45:19,,,
2000,8:46:27,,,
2680,8:46:42,,,
1880,8:48:06,,,
2040,8:50:57,,,
2440,8:52:01,,,
2200,8:53:04,,,
2240,8:53:14,,,
2720,8:54:17,,,
2240,8:55:00,,,
2680,8:55:25,,,
2560,8:56:13,,,
2560,8:57:46,,,
1800,8:58:15,,,
1840,8:58:56,,,
2520,8:59:12,,,
2680,8:59:39,,,
2560,9:01:07,,,
2320,9:03:37,,,
1920,9:03:55,,,
2520,9:04:17,,,
1760,9:04:29,,,
2480,9:04:50,,,
2680,9:06:25,,,
2400,9:06:34,,,
2680,9:09:54,,,
1840,9:10:15,,,
2200,9:10:21,,,
2640,9:10:27,,,
2160,9:13:28,,,
1960,9:13:35,,,
2640,9:13:48,,,
1840,9:13:51,,,
2480,9:13:55,,,
1840,9:15:13,,,
2680,9:15:48,,,
2280,9:17:06,,,
2120,9:17:17,,,
2480,9:17:54,,,
2200,9:19:00,,,
2080,9:21:00,,,
2640,9:21:07,,,
2360,9:21:28,,,
2080,9:22:17,,,
2680,9:22:59,,,
2680,9:23:57,,,
2360,9:24:35,,,
1920,9:25:01,,,
1960,9:25:19,,,
2440,9:26:04,,,
2640,9:26:09,,,
2520,9:27:52,,,
2400,9:27:57,,,
2120,9:28:33,,,
2000,9:29:16,,,
2360,9:29:17,,,
1840,9:29:17,,,
2560,9:29:26,,,
2080,9:29:41,,,
2560,9:30:12,,,
2040,9:30:25,,,
2600,9:32:40,,,
1960,9:32:46,,,
1840,9:36:13,,,
2600,9:36:50,,,
2240,9:36:52,,,
2360,9:37:42,,,
2400,9:38:40,,,
1920,9:39:11,,,
2640,9:41:25,,,
2320,9:41:32,,,
2320,9:43:15,,,
2320,9:43:24,,,
2680,9:43:35,,,
2040,9:43:39,,,
2480,9:44:43,,,
2440,9:45:32,,,
3160,6:39:43,,,
2840,6:41:05,,,
2840,6:44:21,,,
2840,6:45:44,,,
3000,6:45:48,,,
2840,6:46:24,,,
3040,6:50:29,,,
3160,6:50:58,,,
2920,6:51:39,,,
2840,6:56:39,,,
3200,6:56:53,,,
3160,6:57:52,,,
3040,7:02:21,,,
3000,7:03:17,,,
3120,7:05:19,,,
2960,7:07:40,,,
3000,7:08:06,,,
3160,7:08:14,,,
2720,7:08:58,,,
2880,7:09:54,,,
3120,7:10:38,,,
3240,7:13:47,,,
3240,7:14:39,,,
3200,7:14:51,,,
3080,7:15:18,,,
2960,7:15:47,,,
3240,7:18:02,,,
2760,7:18:08,,,
3000,7:19:01,,,
3040,7:19:05,,,
2920,7:20:52,,,
3000,7:21:29,,,
3080,7:21:59,,,
3040,7:22:33,,,
3200,7:23:06,,,
3160,7:24:15,,,
2840,7:24:27,,,
2720,7:26:02,,,
2920,7:26:12,,,
3040,7:26:53,,,
2880,7:28:39,,,
2960,7:29:26,,,
2840,7:32:23,,,
2880,7:32:30,,,
3000,7:33:09,,,
3240,7:34:01,,,
3160,7:34:40,,,
3040,7:35:52,,,
2800,7:37:41,,,
3080,7:38:27,,,
3000,7:38:56,,,
3040,7:40:51,,,
3200,7:40:58,,,
3200,7:41:00,,,
3160,7:41:44,,,
3160,7:43:09,,,
2720,7:43:33,,,
3000,7:45:13,,,
2960,7:45:26,,,
3000,7:46:47,,,
3040,7:46:57,,,
3200,7:47:54,,,
2880,7:48:18,,,
3000,7:48:25,,,
3120,7:48:31,,,
2880,7:48:43,,,
2920,7:48:45,,,
3200,7:50:05,,,
3200,7:50:46,,,
3160,7:52:05,,,
2880,7:52:57,,,
3120,7:53:40,,,
3120,7:53:57,,,
3160,7:54:21,,,
2920,7:54:24,,,
3240,7:54:50,,,
2640,7:55:50,,,
3240,7:56:03,,,
3120,7:56:10,,,
3160,7:56:18,,,
2720,7:57:06,,,
3240,7:57:33,,,
3120,8:01:12,,,
3160,8:01:24,,,
3080,8:04:10,,,
2920,8:04:55,,,
2960,8:05:22,,,
3160,8:05:52,,,
3120,8:06:06,,,
3160,8:06:06,,,
2720,8:06:30,,,
3240,8:08:45,,,
2760,8:09:09,,,
3160,8:12:30,,,
2960,8:13:54,,,
2880,8:14:24,,,
2760,8:14:30,,,
2880,8:14:51,,,
3120,8:15:02,,,
2920,8:15:46,,,
3160,8:17:12,,,
3120,8:19:15,,,
3040,8:21:34,,,
3120,8:21:51,,,
2800,8:21:55,,,
3120,8:22:34,,,
3240,8:23:59,,,
3000,8:25:10,,,
3040,8:25:12,,,
3200,8:25:18,,,
2960,8:26:25,,,
2880,8:28:20,,,
3120,8:31:53,,,
2960,8:33:40,,,
3080,8:35:22,,,
3160,8:35:49,,,
3200,8:42:24,,,
3080,8:49:46,,,
3000,8:51:19,,,
2920,8:51:51,,,
3000,8:52:34,,,
3200,8:52:47,,,
3040,8:53:20,,,
3160,8:54:32,,,
2800,8:58:16,,,
3240,8:58:58,,,
3000,9:00:31,,,
3240,9:03:13,,,
2760,9:03:57,,,
2800,9:04:09,,,
3080,9:04:18,,,
2760,9:04:47,,,
3240,9:05:06,,,
2760,9:05:48,,,
2880,9:06:55,,,
2960,9:07:30,,,
3000,9:07:38,,,
2800,9:07:45,,,
3160,9:08:08,,,
2840,9:09:34,,,
2960,9:09:41,,,
2760,9:09:48,,,
3240,9:09:53,,,
3120,9:11:04,,,
2920,9:12:04,,,
2760,9:13:01,,,
3200,9:13:15,,,
3160,9:14:12,,,
2920,9:16:16,,,
3200,9:19:18,,,
3120,9:19:35,,,
2960,9:21:04,,,
3240,9:21:36,,,
3240,9:24:32,,,
2800,9:25:40,,,
2720,9:27:21,,,
2760,9:28:10,,,
3200,9:29:54,,,
2840,9:30:12,,,
3240,9:36:20,,,
2960,9:36:29,,,
3120,9:39:05,,,
2880,9:40:54,,,
3080,9:43:37,,,
2920,9:44:21,,,
